label,variant,run_dir,epoch,test_loss,test_rmsae_deg,epoch_time_s,lr
baseline,baseline,/home/cmm/icocnn/maba_doa/outputs/maba_doa_r2_baseline_20260406_220454,1.0,0.06222580373287201,19.931440353393555,403.3728771009992,0.0001
baseline,baseline,/home/cmm/icocnn/maba_doa/outputs/maba_doa_r2_baseline_20260406_220454,2.0,0.04717579856514931,16.96063232421875,405.4063984560016,0.0001
baseline,baseline,/home/cmm/icocnn/maba_doa/outputs/maba_doa_r2_baseline_20260406_220454,3.0,0.036788053810596466,13.990080833435059,395.62326073700024,0.0001
baseline,baseline,/home/cmm/icocnn/maba_doa/outputs/maba_doa_r2_baseline_20260406_220454,4.0,0.033914804458618164,12.899910926818848,415.56001933800144,0.0001
baseline,baseline,/home/cmm/icocnn/maba_doa/outputs/maba_doa_r2_baseline_20260406_220454,5.0,0.03289990872144699,11.852128982543945,407.33513898399906,0.0001
baseline,baseline,/home/cmm/icocnn/maba_doa/outputs/maba_doa_r2_baseline_20260406_220454,6.0,0.031092945486307144,11.033474922180176,414.85391809700013,0.0001
baseline,baseline,/home/cmm/icocnn/maba_doa/outputs/maba_doa_r2_baseline_20260406_220454,7.0,0.032744139432907104,11.795398712158203,401.2053788270023,0.0001
baseline,baseline,/home/cmm/icocnn/maba_doa/outputs/maba_doa_r2_baseline_20260406_220454,8.0,0.03002963773906231,11.029133796691895,414.1142286450013,0.0001
baseline,baseline,/home/cmm/icocnn/maba_doa/outputs/maba_doa_r2_baseline_20260406_220454,9.0,0.029433345422148705,10.534557342529297,403.68715096899905,0.0001
baseline,baseline,/home/cmm/icocnn/maba_doa/outputs/maba_doa_r2_baseline_20260406_220454,10.0,0.030192097648978233,10.699026107788086,422.7972515069996,0.0001
baseline,baseline,/home/cmm/icocnn/maba_doa/outputs/maba_doa_r2_baseline_20260406_220454,11.0,0.02801511064171791,9.039284706115723,410.74674748100006,0.0001
baseline,baseline,/home/cmm/icocnn/maba_doa/outputs/maba_doa_r2_baseline_20260406_220454,12.0,0.027601070702075958,9.263023376464844,412.19797379399824,0.0001
baseline,baseline,/home/cmm/icocnn/maba_doa/outputs/maba_doa_r2_baseline_20260406_220454,13.0,0.0279316958039999,9.532451629638672,415.0911031620017,0.0001
baseline,baseline,/home/cmm/icocnn/maba_doa/outputs/maba_doa_r2_baseline_20260406_220454,14.0,0.02685622125864029,8.859579086303711,405.40540411099937,0.0001
baseline,baseline,/home/cmm/icocnn/maba_doa/outputs/maba_doa_r2_baseline_20260406_220454,15.0,0.026072943583130836,8.95159912109375,411.93214775900196,0.0001
baseline,baseline,/home/cmm/icocnn/maba_doa/outputs/maba_doa_r2_baseline_20260406_220454,16.0,0.02871597930788994,9.631653785705566,413.8504771480002,0.0001
baseline,baseline,/home/cmm/icocnn/maba_doa/outputs/maba_doa_r2_baseline_20260406_220454,17.0,0.03135243430733681,10.587162017822266,400.4407939060002,0.0001
baseline,baseline,/home/cmm/icocnn/maba_doa/outputs/maba_doa_r2_baseline_20260406_220454,18.0,0.028802474960684776,9.482407569885254,413.0581270830007,0.0001
baseline,baseline,/home/cmm/icocnn/maba_doa/outputs/maba_doa_r2_baseline_20260406_220454,19.0,0.026486167684197426,8.958520889282227,404.6102781339978,0.0001
baseline,baseline,/home/cmm/icocnn/maba_doa/outputs/maba_doa_r2_baseline_20260406_220454,20.0,0.026631878688931465,8.604788780212402,419.43640463799966,0.0001
baseline,baseline,/home/cmm/icocnn/maba_doa/outputs/maba_doa_r2_baseline_20260406_220454,21.0,0.02656066045165062,8.655150413513184,404.1056507590001,0.0001
baseline,baseline,/home/cmm/icocnn/maba_doa/outputs/maba_doa_r2_baseline_20260406_220454,22.0,0.026050496846437454,7.94542121887207,416.6138673460009,0.0001
baseline,baseline,/home/cmm/icocnn/maba_doa/outputs/maba_doa_r2_baseline_20260406_220454,23.0,0.02786644548177719,8.698097229003906,408.4083246000009,0.0001
baseline,baseline,/home/cmm/icocnn/maba_doa/outputs/maba_doa_r2_baseline_20260406_220454,24.0,0.026737630367279053,8.237404823303223,408.7839993359994,0.0001
baseline,baseline,/home/cmm/icocnn/maba_doa/outputs/maba_doa_r2_baseline_20260406_220454,25.0,0.02587093971669674,8.122758865356445,421.18170222700064,0.0001
maba,maba,/home/cmm/icocnn/maba_doa/outputs/maba_doa_r2_maba_20260407_005546,1.0,0.06180049479007721,20.324064254760742,414.56585767399883,0.0001
maba,maba,/home/cmm/icocnn/maba_doa/outputs/maba_doa_r2_maba_20260407_005546,2.0,0.04294157773256302,16.011947631835938,417.16128686199954,0.0001
maba,maba,/home/cmm/icocnn/maba_doa/outputs/maba_doa_r2_maba_20260407_005546,3.0,0.03638167679309845,13.983526229858398,407.5488572210015,0.0001
maba,maba,/home/cmm/icocnn/maba_doa/outputs/maba_doa_r2_maba_20260407_005546,4.0,0.03275999799370766,12.635581016540527,426.1535774719996,0.0001
maba,maba,/home/cmm/icocnn/maba_doa/outputs/maba_doa_r2_maba_20260407_005546,5.0,0.03233594819903374,11.749812126159668,417.47666675500295,0.0001
maba,maba,/home/cmm/icocnn/maba_doa/outputs/maba_doa_r2_maba_20260407_005546,6.0,0.028518015518784523,10.194479942321777,425.64523446599924,0.0001
maba,maba,/home/cmm/icocnn/maba_doa/outputs/maba_doa_r2_maba_20260407_005546,7.0,0.03135548532009125,11.287845611572266,412.1275305449999,0.0001
maba,maba,/home/cmm/icocnn/maba_doa/outputs/maba_doa_r2_maba_20260407_005546,8.0,0.02929782122373581,10.724812507629395,425.5847968399976,0.0001
maba,maba,/home/cmm/icocnn/maba_doa/outputs/maba_doa_r2_maba_20260407_005546,9.0,0.028636347502470016,10.417375564575195,411.92638353299844,0.0001
maba,maba,/home/cmm/icocnn/maba_doa/outputs/maba_doa_r2_maba_20260407_005546,10.0,0.02871568500995636,9.951957702636719,428.4450253879986,0.0001
maba,maba,/home/cmm/icocnn/maba_doa/outputs/maba_doa_r2_maba_20260407_005546,11.0,0.02737918123602867,9.34606647491455,414.6041210129988,0.0001
maba,maba,/home/cmm/icocnn/maba_doa/outputs/maba_doa_r2_maba_20260407_005546,12.0,0.027152100577950478,9.599721908569336,415.97072600499814,0.0001
maba,maba,/home/cmm/icocnn/maba_doa/outputs/maba_doa_r2_maba_20260407_005546,13.0,0.026061393320560455,9.188394546508789,423.03367144500226,0.0001
maba,maba,/home/cmm/icocnn/maba_doa/outputs/maba_doa_r2_maba_20260407_005546,14.0,0.02613227814435959,8.751091957092285,416.51556657999754,0.0001
maba,maba,/home/cmm/icocnn/maba_doa/outputs/maba_doa_r2_maba_20260407_005546,15.0,0.025401830673217773,9.0880765914917,419.757749710996,0.0001
maba,maba,/home/cmm/icocnn/maba_doa/outputs/maba_doa_r2_maba_20260407_005546,16.0,0.027219580486416817,8.959235191345215,422.6483427839994,0.0001
maba,maba,/home/cmm/icocnn/maba_doa/outputs/maba_doa_r2_maba_20260407_005546,17.0,0.03082628734409809,10.53400993347168,411.3310304170009,0.0001
maba,maba,/home/cmm/icocnn/maba_doa/outputs/maba_doa_r2_maba_20260407_005546,18.0,0.02858981117606163,9.63232707977295,421.6015530650038,0.0001
maba,maba,/home/cmm/icocnn/maba_doa/outputs/maba_doa_r2_maba_20260407_005546,19.0,0.025357531383633614,8.79884147644043,412.7102072330017,0.0001
maba,maba,/home/cmm/icocnn/maba_doa/outputs/maba_doa_r2_maba_20260407_005546,20.0,0.025692956522107124,8.559853553771973,427.1114736870004,0.0001
maba,maba,/home/cmm/icocnn/maba_doa/outputs/maba_doa_r2_maba_20260407_005546,21.0,0.02609178051352501,8.657769203186035,415.1311832020001,0.0001
maba,maba,/home/cmm/icocnn/maba_doa/outputs/maba_doa_r2_maba_20260407_005546,22.0,0.02542215585708618,7.99873161315918,427.26623290000134,0.0001
maba,maba,/home/cmm/icocnn/maba_doa/outputs/maba_doa_r2_maba_20260407_005546,23.0,0.027459871023893356,8.58962631225586,416.5940000970004,0.0001
maba,maba,/home/cmm/icocnn/maba_doa/outputs/maba_doa_r2_maba_20260407_005546,24.0,0.02619827166199684,8.071914672851562,418.13165499399474,0.0001
maba,maba,/home/cmm/icocnn/maba_doa/outputs/maba_doa_r2_maba_20260407_005546,25.0,0.025557132437825203,7.874738693237305,431.3063511709988,0.0001
ablation_no_gate,ablation_no_gate,/home/cmm/icocnn/maba_doa/outputs/maba_doa_r2_ablation_no_gate_retry25_20260407_125521,1.0,0.1947319060564041,37.776039123535156,420.0361264480007,0.0001
ablation_no_gate,ablation_no_gate,/home/cmm/icocnn/maba_doa/outputs/maba_doa_r2_ablation_no_gate_retry25_20260407_125521,2.0,0.04739280790090561,16.76641845703125,422.0313302169998,0.0001
ablation_no_gate,ablation_no_gate,/home/cmm/icocnn/maba_doa/outputs/maba_doa_r2_ablation_no_gate_retry25_20260407_125521,3.0,0.03537467122077942,13.572970390319824,410.49372504499934,0.0001
ablation_no_gate,ablation_no_gate,/home/cmm/icocnn/maba_doa/outputs/maba_doa_r2_ablation_no_gate_retry25_20260407_125521,4.0,0.031947921961545944,11.989508628845215,430.11326028000076,0.0001
ablation_no_gate,ablation_no_gate,/home/cmm/icocnn/maba_doa/outputs/maba_doa_r2_ablation_no_gate_retry25_20260407_125521,5.0,0.03142295777797699,11.143012046813965,421.761821477,0.0001
ablation_no_gate,ablation_no_gate,/home/cmm/icocnn/maba_doa/outputs/maba_doa_r2_ablation_no_gate_retry25_20260407_125521,6.0,0.02840753085911274,9.875558853149414,428.1625765230001,0.0001
ablation_no_gate,ablation_no_gate,/home/cmm/icocnn/maba_doa/outputs/maba_doa_r2_ablation_no_gate_retry25_20260407_125521,7.0,0.0308131854981184,11.591178894042969,413.98601753300045,0.0001
ablation_no_gate,ablation_no_gate,/home/cmm/icocnn/maba_doa/outputs/maba_doa_r2_ablation_no_gate_retry25_20260407_125521,8.0,0.0284147709608078,10.178153038024902,426.85591459199986,0.0001
ablation_no_gate,ablation_no_gate,/home/cmm/icocnn/maba_doa/outputs/maba_doa_r2_ablation_no_gate_retry25_20260407_125521,9.0,0.02804010920226574,9.702499389648438,415.1489739860008,0.0001
ablation_no_gate,ablation_no_gate,/home/cmm/icocnn/maba_doa/outputs/maba_doa_r2_ablation_no_gate_retry25_20260407_125521,10.0,0.028477994725108147,9.877360343933105,432.7485340059993,0.0001
ablation_no_gate,ablation_no_gate,/home/cmm/icocnn/maba_doa/outputs/maba_doa_r2_ablation_no_gate_retry25_20260407_125521,11.0,0.026873670518398285,8.923487663269043,420.02521432999856,0.0001
ablation_no_gate,ablation_no_gate,/home/cmm/icocnn/maba_doa/outputs/maba_doa_r2_ablation_no_gate_retry25_20260407_125521,12.0,0.02635139599442482,8.96899127960205,420.0777647499999,0.0001
ablation_no_gate,ablation_no_gate,/home/cmm/icocnn/maba_doa/outputs/maba_doa_r2_ablation_no_gate_retry25_20260407_125521,13.0,0.025648143142461777,8.521783828735352,424.91341976500007,0.0001
ablation_no_gate,ablation_no_gate,/home/cmm/icocnn/maba_doa/outputs/maba_doa_r2_ablation_no_gate_retry25_20260407_125521,14.0,0.025659114122390747,8.448006629943848,416.31566963799924,0.0001
ablation_no_gate,ablation_no_gate,/home/cmm/icocnn/maba_doa/outputs/maba_doa_r2_ablation_no_gate_retry25_20260407_125521,15.0,0.024787800386548042,8.548604011535645,421.0150324690003,0.0001
ablation_no_gate,ablation_no_gate,/home/cmm/icocnn/maba_doa/outputs/maba_doa_r2_ablation_no_gate_retry25_20260407_125521,16.0,0.026766769587993622,8.894001960754395,423.9531050099995,0.0001
ablation_no_gate,ablation_no_gate,/home/cmm/icocnn/maba_doa/outputs/maba_doa_r2_ablation_no_gate_retry25_20260407_125521,17.0,0.030235398560762405,9.977882385253906,411.7567975239999,0.0001
ablation_no_gate,ablation_no_gate,/home/cmm/icocnn/maba_doa/outputs/maba_doa_r2_ablation_no_gate_retry25_20260407_125521,18.0,0.02790890634059906,9.315531730651855,423.88009380900075,0.0001
ablation_no_gate,ablation_no_gate,/home/cmm/icocnn/maba_doa/outputs/maba_doa_r2_ablation_no_gate_retry25_20260407_125521,19.0,0.024932727217674255,8.242474555969238,415.40518279500066,0.0001
ablation_no_gate,ablation_no_gate,/home/cmm/icocnn/maba_doa/outputs/maba_doa_r2_ablation_no_gate_retry25_20260407_125521,20.0,0.025548337027430534,8.156803131103516,430.76476007400015,0.0001
ablation_no_gate,ablation_no_gate,/home/cmm/icocnn/maba_doa/outputs/maba_doa_r2_ablation_no_gate_retry25_20260407_125521,21.0,0.025669680908322334,8.351716041564941,417.24020141300025,0.0001
ablation_no_gate,ablation_no_gate,/home/cmm/icocnn/maba_doa/outputs/maba_doa_r2_ablation_no_gate_retry25_20260407_125521,22.0,0.024898193776607513,7.445070266723633,428.90758255499895,0.0001
ablation_no_gate,ablation_no_gate,/home/cmm/icocnn/maba_doa/outputs/maba_doa_r2_ablation_no_gate_retry25_20260407_125521,23.0,0.026368997991085052,8.109280586242676,417.9806377799996,0.0001
ablation_no_gate,ablation_no_gate,/home/cmm/icocnn/maba_doa/outputs/maba_doa_r2_ablation_no_gate_retry25_20260407_125521,24.0,0.02554800547659397,7.459996700286865,417.60623753100117,0.0001
ablation_no_gate,ablation_no_gate,/home/cmm/icocnn/maba_doa/outputs/maba_doa_r2_ablation_no_gate_retry25_20260407_125521,25.0,0.025088006630539894,7.4873175621032715,432.57842283100035,0.0001
ablation_no_state,ablation_no_state,/home/cmm/icocnn/maba_doa/outputs/maba_doa_r2_ablation_no_state_retry25_20260407_160616,1.0,0.06621837615966797,21.197092056274414,403.40150521300166,0.0001
ablation_no_state,ablation_no_state,/home/cmm/icocnn/maba_doa/outputs/maba_doa_r2_ablation_no_state_retry25_20260407_160616,2.0,0.03904655575752258,14.446820259094238,405.02321495199794,0.0001
ablation_no_state,ablation_no_state,/home/cmm/icocnn/maba_doa/outputs/maba_doa_r2_ablation_no_state_retry25_20260407_160616,3.0,0.0346691720187664,13.241743087768555,395.69779907700286,0.0001
ablation_no_state,ablation_no_state,/home/cmm/icocnn/maba_doa/outputs/maba_doa_r2_ablation_no_state_retry25_20260407_160616,4.0,0.03151867166161537,11.961029052734375,414.6388239219996,0.0001
ablation_no_state,ablation_no_state,/home/cmm/icocnn/maba_doa/outputs/maba_doa_r2_ablation_no_state_retry25_20260407_160616,5.0,0.031850360333919525,11.36509895324707,406.037446999002,0.0001
ablation_no_state,ablation_no_state,/home/cmm/icocnn/maba_doa/outputs/maba_doa_r2_ablation_no_state_retry25_20260407_160616,6.0,0.02848535217344761,10.146315574645996,413.62627815200176,0.0001
ablation_no_state,ablation_no_state,/home/cmm/icocnn/maba_doa/outputs/maba_doa_r2_ablation_no_state_retry25_20260407_160616,7.0,0.031091023236513138,11.578741073608398,399.5205612819991,0.0001
ablation_no_state,ablation_no_state,/home/cmm/icocnn/maba_doa/outputs/maba_doa_r2_ablation_no_state_retry25_20260407_160616,8.0,0.028363047167658806,10.04185676574707,413.8797409719991,0.0001
ablation_no_state,ablation_no_state,/home/cmm/icocnn/maba_doa/outputs/maba_doa_r2_ablation_no_state_retry25_20260407_160616,9.0,0.028012191876769066,9.696550369262695,401.29747160400075,0.0001
ablation_no_state,ablation_no_state,/home/cmm/icocnn/maba_doa/outputs/maba_doa_r2_ablation_no_state_retry25_20260407_160616,10.0,0.028781434521079063,9.89144229888916,418.6417162120015,0.0001
ablation_no_state,ablation_no_state,/home/cmm/icocnn/maba_doa/outputs/maba_doa_r2_ablation_no_state_retry25_20260407_160616,11.0,0.026997240260243416,8.963837623596191,406.55747207199965,0.0001
ablation_no_state,ablation_no_state,/home/cmm/icocnn/maba_doa/outputs/maba_doa_r2_ablation_no_state_retry25_20260407_160616,12.0,0.027453208342194557,9.58847713470459,405.8438308830009,0.0001
ablation_no_state,ablation_no_state,/home/cmm/icocnn/maba_doa/outputs/maba_doa_r2_ablation_no_state_retry25_20260407_160616,13.0,0.02705029584467411,9.327247619628906,412.40762968000126,0.0001
ablation_no_state,ablation_no_state,/home/cmm/icocnn/maba_doa/outputs/maba_doa_r2_ablation_no_state_retry25_20260407_160616,14.0,0.02672329731285572,8.658841133117676,403.2630657580012,0.0001
ablation_no_state,ablation_no_state,/home/cmm/icocnn/maba_doa/outputs/maba_doa_r2_ablation_no_state_retry25_20260407_160616,15.0,0.025829751044511795,8.835062980651855,407.92830878000314,0.0001
ablation_no_state,ablation_no_state,/home/cmm/icocnn/maba_doa/outputs/maba_doa_r2_ablation_no_state_retry25_20260407_160616,16.0,0.027183812111616135,8.934722900390625,410.4867085299993,0.0001
ablation_no_state,ablation_no_state,/home/cmm/icocnn/maba_doa/outputs/maba_doa_r2_ablation_no_state_retry25_20260407_160616,17.0,0.03105868399143219,10.681279182434082,398.97055396299766,0.0001
ablation_no_state,ablation_no_state,/home/cmm/icocnn/maba_doa/outputs/maba_doa_r2_ablation_no_state_retry25_20260407_160616,18.0,0.028283795341849327,9.49178409576416,410.34791880299963,0.0001
ablation_no_state,ablation_no_state,/home/cmm/icocnn/maba_doa/outputs/maba_doa_r2_ablation_no_state_retry25_20260407_160616,19.0,0.02543441392481327,8.516592979431152,402.0199073719996,0.0001
ablation_no_state,ablation_no_state,/home/cmm/icocnn/maba_doa/outputs/maba_doa_r2_ablation_no_state_retry25_20260407_160616,20.0,0.025867287069559097,8.338860511779785,417.8486051250002,0.0001
ablation_no_state,ablation_no_state,/home/cmm/icocnn/maba_doa/outputs/maba_doa_r2_ablation_no_state_retry25_20260407_160616,21.0,0.026475075632333755,8.856011390686035,403.8891109110009,0.0001
ablation_no_state,ablation_no_state,/home/cmm/icocnn/maba_doa/outputs/maba_doa_r2_ablation_no_state_retry25_20260407_160616,22.0,0.02577286958694458,7.934538841247559,416.3616002910021,0.0001
ablation_no_state,ablation_no_state,/home/cmm/icocnn/maba_doa/outputs/maba_doa_r2_ablation_no_state_retry25_20260407_160616,23.0,0.027538757771253586,8.48095703125,405.8222274810032,0.0001
ablation_no_state,ablation_no_state,/home/cmm/icocnn/maba_doa/outputs/maba_doa_r2_ablation_no_state_retry25_20260407_160616,24.0,0.02648349665105343,8.042393684387207,406.75396233399806,0.0001
ablation_no_state,ablation_no_state,/home/cmm/icocnn/maba_doa/outputs/maba_doa_r2_ablation_no_state_retry25_20260407_160616,25.0,0.0256118793040514,7.788504123687744,419.65794520599957,0.0001
