epoch,phase,lr,batch_size,micro_batch_size,train_loss,val_loss,val_rmsae_deg,epoch_time_s
1,1,0.0001,1,1,0.1118866884109811,0.06365107581950724,17.53418007493019,969.1906234540511
2,1,0.0001,1,1,0.05007796778192378,0.04340882698306814,15.974659964442253,969.5101075118873
3,1,0.0001,1,1,0.04329439685958573,0.03466960263904184,12.491416245698929,973.0430557969958
4,1,0.0001,1,1,0.03665492337228905,0.032942597521469,11.982644081115723,980.8656598099042
5,1,0.0001,1,1,0.03457350262846702,0.031462089042179286,11.730083674192429,979.4124680471141
6,1,0.0001,1,1,0.03305024604161835,0.03343739703996107,12.348667800426483,965.6644312608987
7,1,0.0001,1,1,0.031255964681697196,0.028983562369830906,10.111198082566261,969.9571341788396
8,1,0.0001,1,1,0.030656252276056853,0.02847776928683743,9.637585759162903,982.1235614179168
9,1,0.0001,1,1,0.028973271314086568,0.027354566351277754,9.941068902611732,982.656636592932
10,1,0.0001,1,1,0.02942484597492422,0.028077103110263124,9.156886875629425,978.5947508169338
11,1,0.0001,1,1,0.027575414003724725,0.02667704870691523,9.493494302034378,979.2329190850724
12,1,0.0001,1,1,0.027500954668363956,0.026200231339316815,8.605293661355972,978.8176483130082
13,1,0.0001,1,1,0.02673647129892284,0.026395635068183765,8.468094155192375,975.4005113928579
14,1,0.0001,1,1,0.026415151671275623,0.026029187720268965,8.685880720615387,967.1103601958603
15,1,0.0001,1,1,0.026080400910642412,0.025550506776198745,8.92985425889492,975.7370909219608
16,1,0.0001,1,1,0.025830204506269376,0.025665257911896333,7.856689535081387,976.4676255939994
17,1,0.0001,1,1,0.026376624290759747,0.024951522733317688,7.896226093173027,987.9274620278738
18,1,0.0001,1,1,0.025473313172085163,0.025064623390790075,7.908773556351662,968.713812768925
19,1,0.0001,1,1,0.025063427397583285,0.025067534210393205,7.44488862156868,974.3791193470825
20,1,0.0001,1,1,0.024980806548180235,0.02452937714406289,7.724404513835907,972.9307753511239
21,2,1e-05,10,1,0.026781120086009177,0.024525302898837253,7.5147619396448135,965.0395666789263
22,2,1e-05,10,1,0.025982500803776277,0.024457934749079868,7.616381794214249,976.2145977048203
23,2,1e-05,10,1,0.02633883326003949,0.024473300582030788,7.600460708141327,981.600976269925
24,2,1e-05,10,1,0.026274163723310345,0.024474825273500755,7.573583036661148,976.4475787780248
25,2,1e-05,10,1,0.025697236775587766,0.02440308959921822,7.680848687887192,960.8628062000498
26,2,1e-05,10,1,0.025464979040189687,0.02444471069611609,7.650014162063599,962.7880638209172
27,2,1e-05,10,1,0.025456484246394063,0.024383257055887952,7.725816681981087,955.9889531210065
28,2,1e-05,10,1,0.02630017391191079,0.02438561970484443,7.64204540848732,970.5356363961473
29,2,1e-05,10,1,0.026568754501322397,0.02438994203112088,7.635542958974838,983.5457479360048
30,2,1e-05,10,1,0.0266685177373071,0.02435570178204216,7.693957552313805,975.592157876119
31,2,1e-05,10,1,0.025946608163480066,0.024374194792471826,7.631849393248558,966.795371936867
32,2,1e-05,10,1,0.02547813228243946,0.024374916858505458,7.638979032635689,963.7424267239403
33,2,1e-05,10,1,0.025990548139262912,0.024314995971508324,7.646301582455635,960.9593249028549
34,2,1e-05,10,1,0.026109534008508056,0.024347251775907353,7.597759932279587,971.6065160869621
35,2,1e-05,10,1,0.025927879204416377,0.02436331516946666,7.613951221108437,972.8700261970516
36,2,1e-05,10,1,0.026131533726285665,0.02442123371292837,7.548936873674393,969.2216415940784
37,2,1e-05,10,1,0.025789317190965527,0.024336814793059602,7.6085271537303925,959.3033672040328
38,2,1e-05,10,1,0.025648133049153875,0.02442023844923824,7.576414585113525,966.9779379661195
39,2,1e-05,10,1,0.025476945637383012,0.02442114701261744,7.610845297574997,980.3927447590977
40,2,1e-05,10,1,0.02620354657117118,0.024398382927756757,7.6474001705646515,986.7877008209471
41,2,1e-05,10,1,0.025361913291371278,0.024364498211070895,7.6894024312496185,958.2314566969872
42,2,1e-05,10,1,0.02559824982482908,0.02437117585213855,7.767242819070816,975.5738234838936
43,2,1e-05,10,1,0.02628039708918231,0.02438961062580347,7.6303416937589645,965.8362385479268
44,2,1e-05,10,1,0.026581168302104004,0.024334784859092906,7.6439133286476135,971.9918892690912
45,2,1e-05,10,1,0.025514351492190463,0.024408558412687853,7.613108217716217,966.0566959299613
46,2,1e-05,10,1,0.025901530870897138,0.02434538403758779,7.601334035396576,972.9435790050775
47,2,1e-05,10,1,0.026219056806184797,0.024357172020245343,7.593277096748352,970.687917864183
48,2,1e-05,10,1,0.02573556627632461,0.02429594361456111,7.633156791329384,978.7010999049526
49,2,1e-05,10,1,0.025946201452523725,0.024407580262050033,7.566774383187294,975.54645104683
50,2,1e-05,10,1,0.025261414172048243,0.024343213066458702,7.688675791025162,973.711391007062
51,2,1e-05,10,1,0.025679357275048383,0.024341121868928894,7.449812412261963,967.670190860983
52,2,1e-05,10,1,0.026120855679942503,0.024278767028590664,7.6239877343177795,980.2632184319664
53,2,1e-05,10,1,0.02542801035456678,0.024326458398718387,7.596000149846077,969.2984123749193
54,2,1e-05,10,1,0.025675066670355125,0.02436933116405271,7.628452107310295,970.4129420840181
55,2,1e-05,10,1,0.02502619656933169,0.024382766423514113,7.653500407934189,961.5892375698313
56,2,1e-05,10,1,0.02634631192200204,0.02439372451044619,7.594305008649826,976.916542542167
57,2,1e-05,10,1,0.025563502900748172,0.024336922157090157,7.643523752689362,963.8692592750303
58,2,1e-05,10,1,0.02599816034651465,0.024380473274504766,7.70387689769268,975.9005616640206
59,2,1e-05,10,1,0.026075724464578506,0.0242888959182892,7.727970078587532,979.3245182270184
60,2,1e-05,10,1,0.026388238007441545,0.024279196601128206,7.6823882311582565,978.1784207441378
61,2,1e-05,10,1,0.025932289538984625,0.024326444254256785,7.585292860865593,977.5230218861252
62,2,1e-05,10,1,0.02569863165004386,0.024272782990010455,7.631714999675751,970.9363667031284
63,2,1e-05,10,1,0.02648182041210751,0.02428281184984371,7.514511898159981,981.5320649049245
64,2,1e-05,10,1,0.026825930424926116,0.024299788026837632,7.4909254759550095,976.6317157270387
65,2,1e-05,10,1,0.02621808798553852,0.024320466705830768,7.548314273357391,978.545623825863
66,2,1e-05,10,1,0.0257550166760627,0.02426182132330723,7.6127734035253525,972.0268701568712
67,2,1e-05,10,1,0.025490834501882394,0.024210837407736108,7.562399506568909,977.3183511800598
68,2,1e-05,10,1,0.025581928692821762,0.024229466158431023,7.53723680973053,976.527253117878
69,2,1e-05,10,1,0.02574658033430067,0.02424878123565577,7.5070242285728455,972.0608484288678
70,2,1e-05,10,1,0.02557582505302042,0.02424962434452027,7.581234902143478,969.3405469949357
71,2,1e-05,10,1,0.025504401504483996,0.024185769318137318,7.564444422721863,970.7930204069708
72,2,1e-05,10,1,0.026524321164967668,0.024213249591412023,7.525044023990631,991.240597155178
73,2,1e-05,10,1,0.02571739216741079,0.024275874893646687,7.593804404139519,964.9218992611859
74,2,1e-05,10,1,0.02597966217236896,0.024282347527332604,7.5453599989414215,970.3068285619374
75,2,1e-05,10,1,0.025565474259101936,0.02432507908088155,7.651481002569199,970.2522384780459
76,2,1e-05,10,1,0.02531266430727182,0.024299207841977477,7.600309669971466,968.7730107509997
77,2,1e-05,10,1,0.025285120504215743,0.024261340411612764,7.570095628499985,959.4332088460214
78,2,1e-05,10,1,0.0251404725588285,0.02423495802213438,7.546274229884148,969.1821093421895
79,2,1e-05,10,1,0.02612575652061874,0.024258090794319287,7.543254092335701,979.0433410969563
80,2,1e-05,10,1,0.025216626702274522,0.024253944138763472,7.580230116844177,961.6419304050505
